{
  "regions": {
    "east": {
      "title": "Ostschweizer Alpen",
      "stations": [ "KLO", "LAE", "STB", "HOE", "ARO", "SAE", "WFJ", "COV" ],
      "summaryStations": [ "LAE", "STB", "HOE", "ARO", "SAE", "WFJ", "COV" ]
    },
    "central": {
      "title": "Zentralschweizer Alpen",
      "stations": [ "ALT", "ENG", "NAP", "PIL", "TIT", "JUN" ],
      "summaryStations": [ "ALT", "ENG", "NAP", "PIL", "TIT", "JUN" ]
    },
    "west": {
      "title": "Westschweiz",
      "stations": [ "CRM", "CHM", "DOL", "MLS", "DIA" ],
      "summaryStations": [ "CRM", "CHM", "DOL", "MLS", "DIA" ]
    }
  },
  "stations": {
    "KLO": {
      "name": "Kloten",
      "lat": 47.479611,
      "lon": 8.53595,
      "alt": 426
    },
    "LAE": {
      "name": "Lägern",
      "lat": 47.481936,
      "lon": 8.397208,
      "alt": 845
    },
    "HOE": {
      "name": "Hörnli",
      "lat": 47.370864,
      "lon": 8.941633,
      "alt": 1144
    },
    "NAP": {
      "name": "Napf",
      "lat": 47.004667,
      "lon": 7.940111,
      "alt": 1404
    },
    "PIL": {
      "name": "Pilatus",
      "lat": 46.978872,
      "lon": 8.252258,
      "alt": 2106
    },
    "SAE": {
      "name": "Säntis",
      "lat": 47.249431,
      "lon": 9.343417,
      "alt": 2502
    },
    "WFJ": {
      "name": "Weissfluhjoch",
      "lat": 46.833328,
      "lon": 9.806383,
      "alt": 2691
    },
    "COV": {
      "name": "Piz Corvatsch",
      "lat": 46.418019,
      "lon": 9.821242,
      "alt": 3302
    },
    "JUN": {
      "name": "Jungfraujoch",
      "lat": 46.547447,
      "lon": 7.985331,
      "alt": 3580
    },
    "CRM": {
      "name": "Cressier",
      "lat": 47.047575,
      "lon": 7.059147,
      "alt": 433
    },
    "CHM": {
      "name": "Chaumont",
      "lat": 47.049164,
      "lon": 76.978828,
      "alt": 1138
    },
    "DIA": {
      "name": "Les Diablerets",
      "lat": 46.326747,
      "lon": 7.203786,
      "alt": 2964
    },
    "DOL": {
      "name": "La Dôle",
      "lat": 46.424789,
      "lon": 6.099461,
      "alt": 1671
    },
    "MLS": {
      "name": "Le Moléson",
      "lat": 46.546197,
      "lon": 7.017758,
      "alt": 1974
    },
    "ALT": {
      "name": "Altdorf",
      "lat": 46.887075,
      "lon": 8.621889,
      "alt": 438
    },
    "STB": {
      "name": "Starkenbach",
      "lat": 47.184869,
      "lon": 9.250439,
      "alt": 897
    },
    "TIT": {
      "name": "Titlis",
      "lat": 46.770508,
      "lon": 8.425806,
      "alt": 3040
    },
    "ENG": {
      "name": "Engelberg",
      "lat": 46.821642,
      "lon": 8.410506,
      "alt": 1036
    },
    "ARO": {
      "name": "Arosa",
      "lat": 46.792622,
      "lon": 9.679003,
      "alt": 1878
    }
  }
}
